"","from","to"
"1","study1","study2"
"2","study1","study3"
"3","study2","study4"
"4","study1","study5"
"5","study2","study6"
"6","study2","study7"
"7","study2","study8"
"8","study7","study9"
"9","study1","study10"
"10","study9","study11"
"11","study8","study12"
"12","study11","study13"
"13","study13","study14"
"14","study7","study15"
"15","study7","study16"
"16","study2","study16"
"17","study1","study17"
"18","study1","study18"
"19","study1","study19"
"20","study3","study19"
"21","study7","study19"
"22","study5","study19"
"23","study1","study20"
"24","study1","study21"
"25","study12","study21"
"26","study19","study21"
"27","study5","study22"
"28","study7","study23"
"29","study20","study23"
"30","study1","study24"
"31","study1","study25"
"32","study16","study26"
"33","study14","study27"
"34","study9","study28"
"35","study1","study29"
"36","study14","study29"
"37","study8","study29"
"38","study1","study30"
"39","study2","study31"
"40","study13","study31"
"41","study5","study31"
"42","study7","study32"
"43","study8","study33"
"44","study5","study34"
"45","study13","study35"
"46","study16","study36"
"47","study20","study37"
"48","study30","study38"
"49","study19","study39"
"50","study1","study40"
"51","study11","study40"
"52","study5","study40"
"53","study13","study41"
"54","study1","study42"
"55","study12","study43"
"56","study13","study44"
"57","study13","study45"
"58","study30","study46"
"59","study20","study47"
"60","study41","study47"
"61","study5","study47"
"62","study5","study48"
"63","study1","study49"
"64","study16","study49"
"65","study30","study49"
"66","study12","study49"
"67","study1","study50"
"68","study5","study51"
"69","study1","study52"
"70","study41","study52"
"71","study18","study52"
"72","study16","study52"
"73","study40","study53"
"74","study14","study54"
"75","study7","study54"
"76","study16","study54"
"77","study4","study54"
"78","study1","study55"
"79","study20","study56"
"80","study2","study56"
"81","study13","study56"
"82","study14","study56"
"83","study5","study57"
"84","study13","study58"
"85","study1","study58"
"86","study3","study58"
"87","study42","study59"
"88","study1","study59"
"89","study13","study59"
"90","study1","study60"
